timestamp,regime,special_event,confidence,allowed_sides,bias,lev_mult,size_mult,rsi_5m,rsi_1h,mfi_5m,bb_width,atr_pct,mom_1h,mom_4h,vol_trend,consec_green,consec_red,exhaustion_score,divergence_type,divergence_strength
2026-02-27T00:02:00.586Z,UPTREND,NONE,31.5,BOTH,LONG,1.00,1.00,48.20,44.43,33.59,0.3783,0.1443,-0.0230,-0.3763,FLAT,1,0,0,NONE,0
2026-02-27T00:05:59.575Z,TRANSITION,NONE,24.0,BOTH,NEUTRAL,0.70,1.00,42.07,44.43,31.52,0.3699,0.1443,0.1444,-0.3663,FLAT,0,1,0,NONE,0
2026-02-27T00:08:59.694Z,TRANSITION,NONE,24.0,BOTH,NEUTRAL,0.70,1.00,42.07,44.43,31.52,0.3699,0.1443,0.0899,-0.2668,FLAT,0,1,0,NONE,0
2026-02-27T00:12:59.366Z,TRANSITION,NONE,27.0,BOTH,NEUTRAL,0.70,1.00,48.27,44.43,38.66,0.3517,0.1496,-0.3456,-0.5868,RISING,1,0,0,NONE,0
2026-02-27T00:16:59.658Z,TRANSITION,NONE,19.5,BOTH,NEUTRAL,0.70,1.00,41.55,44.43,36.59,0.4010,0.1590,-0.1590,-0.5446,RISING,0,1,0,NONE,0
2026-02-27T00:20:59.729Z,TRANSITION,NONE,24.0,BOTH,NEUTRAL,0.70,1.00,38.15,44.43,33.99,0.4883,0.1614,-0.4123,-0.5958,RISING,0,2,0,NONE,0
2026-02-27T00:24:00.713Z,DOWNTREND,BREAKOUT,42.0,BOTH,SHORT,1.00,2.00,38.15,44.43,33.99,0.4883,0.1617,-0.5606,-0.6353,RISING,0,2,0,NONE,0
2026-02-27T00:28:00.201Z,DOWNTREND,BREAKOUT,87.0,SHORT_ONLY,SHORT,1.20,2.00,35.85,44.43,28.50,0.5709,0.1631,-0.5967,-0.5868,RISING,0,3,0,NONE,0
2026-02-27T00:31:59.230Z,DOWNTREND,BREAKOUT,79.5,SHORT_ONLY,SHORT,1.20,1.00,40.86,44.43,37.79,0.5800,0.1668,-0.4831,-0.4534,RISING,1,0,0,NONE,0
2026-02-27T00:35:00.307Z,DOWNTREND,BREAKOUT,69.0,SHORT_ONLY,SHORT,1.20,1.00,40.86,44.43,37.79,0.5800,0.1667,-0.4594,-0.3172,RISING,1,0,0,NONE,0
2026-02-27T00:38:59.396Z,DOWNTREND,BREAKOUT,87.0,SHORT_ONLY,SHORT,1.20,2.00,39.84,40.23,39.87,0.6092,0.1644,-0.7161,-0.4474,RISING,0,1,0,NONE,0
2026-02-27T00:41:59.428Z,DOWNTREND,BREAKOUT,79.5,SHORT_ONLY,SHORT,1.20,1.00,32.43,40.23,31.80,0.7159,0.1805,-0.4639,-0.3853,RISING,0,2,0,NONE,0
2026-02-27T00:45:59.265Z,DOWNTREND,BREAKOUT,87.0,SHORT_ONLY,SHORT,1.20,2.00,32.44,40.23,30.10,0.8144,0.1797,-0.6261,-0.5485,RISING,0,3,0,NONE,0
2026-02-27T00:48:59.508Z,DOWNTREND,BREAKOUT,87.0,SHORT_ONLY,SHORT,1.20,1.00,32.44,40.23,30.10,0.8144,0.1796,-0.5126,-0.4088,RISING,0,3,0,NONE,0
2026-02-27T00:53:00.908Z,DOWNTREND,BREAKOUT,57.0,BOTH,SHORT,1.00,1.00,35.52,40.23,20.70,0.8724,0.1863,-0.3159,-0.1261,RISING,1,0,0,NONE,0
2026-02-27T00:56:59.764Z,DOWNTREND,BREAKOUT,79.5,SHORT_ONLY,SHORT,1.20,1.00,35.20,40.23,29.05,0.9095,0.1864,-0.4042,-0.2927,RISING,0,1,0,NONE,0
2026-02-27T01:00:59.784Z,DOWNTREND,BREAKOUT,97.5,SHORT_ONLY,SHORT,1.20,1.00,41.09,40.23,28.35,0.9202,0.1845,-0.4311,-0.2903,RISING,1,0,0,NONE,0
2026-02-27T01:05:00.800Z,DOWNTREND,BREAKOUT,100.0,SHORT_ONLY,SHORT,1.20,1.00,41.09,40.23,28.35,0.9202,0.1848,-0.6607,-0.5068,RISING,1,0,0,NONE,0
2026-02-27T01:08:00.900Z,DOWNTREND,BREAKOUT,100.0,SHORT_ONLY,SHORT,1.20,2.00,33.64,40.23,26.26,0.9532,0.1904,-0.9557,-0.5593,RISING,0,1,0,NONE,0
2026-02-27T01:11:59.435Z,DOWNTREND,BREAKOUT,100.0,SHORT_ONLY,SHORT,1.20,1.00,28.37,40.23,19.95,1.0487,0.2101,-0.5180,-0.3895,RISING,0,2,0,NONE,0
2026-02-27T01:15:59.085Z,DOWNTREND,NONE,100.0,SHORT_ONLY,SHORT,1.20,1.00,33.41,40.23,19.70,1.0597,0.2072,-0.5494,-0.5569,RISING,1,0,0,NONE,0
2026-02-27T01:18:59.189Z,DOWNTREND,NONE,97.5,SHORT_ONLY,SHORT,1.20,1.00,33.41,40.23,19.70,1.0597,0.2070,-0.3198,-0.4091,RISING,1,0,0,NONE,0
2026-02-27T01:22:00.638Z,DOWNTREND,NONE,97.5,SHORT_ONLY,SHORT,1.20,1.00,37.48,40.23,20.75,1.0282,0.2119,-0.3242,-0.4895,RISING,2,0,0,NONE,0
2026-02-27T01:26:00.889Z,DOWNTREND,NONE,97.5,SHORT_ONLY,SHORT,1.20,1.00,39.60,40.23,21.35,0.9963,0.2103,-0.1488,-0.3976,RISING,3,0,0,NONE,0
2026-02-27T01:29:59.184Z,DOWNTREND,NONE,97.5,SHORT_ONLY,SHORT,1.20,1.00,39.60,40.23,21.35,0.9963,0.2103,-0.3390,-0.5870,RISING,3,0,0,NONE,0
2026-02-27T01:32:59.558Z,DOWNTREND,NONE,57.0,BOTH,SHORT,1.00,1.00,39.10,40.23,25.55,0.9539,0.2094,-0.1371,-0.4377,RISING,0,1,0,NONE,0
2026-02-27T01:36:59.671Z,DOWNTREND,BREAKOUT,49.5,BOTH,SHORT,1.00,1.00,47.10,38.82,29.51,0.8917,0.2132,0.1330,-0.2012,RISING,1,0,0,NONE,0
2026-02-27T01:40:59.234Z,DOWNTREND,BREAKOUT,42.0,BOTH,SHORT,1.00,1.00,51.81,38.82,32.14,0.8122,0.2073,0.1379,-0.1493,FLAT,2,0,0,NONE,0
2026-02-27T01:44:00.882Z,DOWNTREND,BREAKOUT,42.0,BOTH,SHORT,1.00,1.00,51.81,38.82,32.14,0.8122,0.2076,0.1225,-0.3343,FLAT,2,0,0,NONE,0
2026-02-27T01:47:59.201Z,DOWNTREND,BREAKOUT,39.0,BOTH,SHORT,1.00,1.00,46.20,38.82,23.25,0.7647,0.2083,0.1162,-0.4760,RISING,0,1,0,NONE,0
2026-02-27T01:50:59.392Z,DOWNTREND,BREAKOUT,39.0,BOTH,SHORT,1.00,1.00,51.53,38.82,34.32,0.6653,0.2121,0.0161,-0.3961,RISING,1,0,0,NONE,0
2026-02-27T01:53:59.948Z,DOWNTREND,BREAKOUT,39.0,BOTH,SHORT,1.00,1.00,51.53,38.82,34.32,0.6653,0.2120,0.1783,-0.3172,RISING,1,0,0,NONE,0
2026-02-27T01:57:59.759Z,DOWNTREND,BREAKOUT,30.0,BOTH,SHORT,1.00,1.00,53.06,38.82,36.90,0.6349,0.2082,0.0883,-0.2360,RISING,2,0,0,NONE,0
2026-02-27T02:00:59.931Z,CHOP,BREAKOUT,1.5,NONE,NEUTRAL,0.50,1.00,55.94,38.82,43.37,0.6568,0.2079,0.3198,-0.0859,FLAT,3,0,0,NONE,0
2026-02-27T02:04:59.539Z,CHOP,BREAKOUT,1.5,NONE,NEUTRAL,0.50,1.00,55.94,38.82,43.37,0.6568,0.2078,0.3854,-0.0091,FLAT,3,0,0,NONE,0
2026-02-27T02:09:00.208Z,TRANSITION,BREAKOUT,19.5,BOTH,NEUTRAL,0.70,1.00,59.59,38.82,43.11,0.7306,0.2077,0.7570,-0.0101,FLAT,4,0,0,NONE,0
2026-02-27T02:12:00.545Z,TRANSITION,BREAKOUT,19.5,BOTH,NEUTRAL,0.70,1.00,59.57,38.82,47.10,0.7809,0.2019,0.6541,-0.2170,FLAT,0,1,0,NONE,0
2026-02-27T02:15:59.101Z,CHOP,BREAKOUT,7.5,NONE,NEUTRAL,0.50,1.00,53.06,38.82,47.28,0.7905,0.1995,0.3649,-0.3071,FLAT,0,2,0,NONE,0
2026-02-27T02:18:59.304Z,CHOP,BREAKOUT,12.0,NONE,NEUTRAL,0.50,1.00,53.06,38.82,47.28,0.7905,0.1992,0.5072,-0.0788,FLAT,0,2,0,NONE,0
2026-02-27T02:23:00.257Z,UPTREND,BREAKOUT,40.5,BOTH,LONG,1.00,1.00,61.95,38.82,65.37,0.8986,0.2108,0.6047,0.1743,RISING,1,0,0,NONE,0
2026-02-27T02:27:00.581Z,UPTREND,NONE,40.5,BOTH,LONG,1.00,1.00,55.35,38.82,61.62,0.9293,0.2161,0.5636,0.0620,RISING,0,1,0,NONE,0
2026-02-27T02:31:00.511Z,UPTREND,NONE,36.0,BOTH,LONG,1.00,1.00,55.82,38.82,58.05,0.9609,0.2098,0.5624,0.0364,RISING,1,0,0,NONE,0
2026-02-27T02:34:00.774Z,TRANSITION,NONE,28.5,BOTH,NEUTRAL,0.70,1.00,55.82,38.82,58.05,0.9609,0.2096,0.4868,0.0828,RISING,1,0,0,NONE,0
2026-02-27T02:37:59.581Z,UPTREND,NONE,43.5,BOTH,LONG,1.00,1.00,60.08,45.36,61.32,1.0240,0.2057,0.3705,-0.1176,FLAT,2,0,0,NONE,0
2026-02-27T02:40:59.931Z,UPTREND,NONE,75.0,LONG_ONLY,LONG,1.20,1.00,56.78,45.36,55.61,1.0597,0.2013,0.2944,-0.1709,FLAT,0,1,0,NONE,0
2026-02-27T02:45:59.613Z,UPTREND,NONE,55.5,BOTH,LONG,1.00,1.00,54.30,37.53,53.01,1.0462,0.1985,0.3344,0.0000,FLAT,0,2,0,NONE,0
2026-02-27T02:49:00.074Z,UPTREND,NONE,55.5,BOTH,LONG,1.00,1.00,54.30,37.53,53.01,1.0462,0.1985,0.2779,0.0000,FLAT,0,2,0,NONE,0
2026-02-27T02:52:59.296Z,UPTREND,NONE,45.0,BOTH,LONG,1.00,1.00,56.35,37.53,51.21,0.9547,0.1927,0.0915,0.0000,FLAT,1,0,0,NONE,0
2026-02-27T02:55:59.786Z,UPTREND,NONE,33.0,BOTH,LONG,1.00,1.00,48.49,37.53,60.09,0.8548,0.1948,0.0656,0.0000,FLAT,0,1,0,NONE,0
2026-02-27T02:59:00.821Z,UPTREND,NONE,33.0,BOTH,LONG,1.00,1.00,48.49,37.53,60.09,0.8548,0.1947,-0.0385,0.0000,FLAT,0,1,0,NONE,0
2026-02-27T03:03:00.820Z,CHOP,NONE,6.0,NONE,NEUTRAL,0.50,1.00,45.73,37.53,50.75,0.7768,0.1931,-0.2534,0.0000,FLAT,0,2,0,NONE,0
2026-02-27T03:06:59.150Z,DOWNTREND,BREAKOUT,40.5,BOTH,SHORT,1.00,1.00,45.04,35.51,46.27,0.7090,0.1870,-0.4676,0.0000,FLAT,0,3,0,NONE,0
2026-02-27T03:09:59.674Z,DOWNTREND,BREAKOUT,30.0,BOTH,SHORT,1.00,1.00,45.04,35.51,46.27,0.7090,0.1868,-0.2294,0.0000,FLAT,0,3,0,NONE,0
2026-02-27T03:13:59.208Z,DOWNTREND,BREAKOUT,48.0,BOTH,SHORT,1.00,1.00,42.53,35.51,40.65,0.6413,0.1869,-0.3033,0.0000,FALLING,0,4,20,NONE,0
2026-02-27T03:17:59.096Z,DOWNTREND,BREAKOUT,61.5,SHORT_ONLY,SHORT,1.20,1.00,41.86,35.51,35.40,0.6455,0.1837,-0.3110,0.0000,FALLING,0,5,35,NONE,0
2026-02-27T03:21:59.678Z,DOWNTREND,BREAKOUT,67.5,SHORT_ONLY,SHORT,1.20,1.00,42.63,35.51,35.46,0.6701,0.1760,-0.3203,0.0000,FALLING,1,0,20,NONE,0
2026-02-27T03:25:00.806Z,DOWNTREND,BREAKOUT,90.0,SHORT_ONLY,SHORT,1.20,1.00,42.63,35.51,35.46,0.6701,0.1763,-0.4455,-0.6473,FALLING,1,0,20,NONE,0
2026-02-27T03:29:00.662Z,DOWNTREND,BREAKOUT,79.5,SHORT_ONLY,SHORT,1.20,1.00,39.19,35.51,37.08,0.6935,0.1764,-0.4543,-0.6683,FALLING,0,1,20,NONE,0
2026-02-27T03:33:00.360Z,DOWNTREND,BREAKOUT,75.0,SHORT_ONLY,SHORT,1.20,1.00,38.86,35.51,15.53,0.7477,0.1677,-0.5088,-0.5748,FALLING,0,2,20,NONE,0
2026-02-27T03:36:59.823Z,DOWNTREND,BREAKOUT,60.0,SHORT_ONLY,SHORT,1.20,1.00,48.77,35.51,22.01,0.7524,0.1711,-0.3150,-0.5418,FALLING,1,0,20,NONE,0
2026-02-27T03:40:00.265Z,DOWNTREND,BREAKOUT,60.0,SHORT_ONLY,SHORT,1.20,1.00,48.77,35.51,22.01,0.7524,0.1709,-0.2008,-0.3330,FALLING,1,0,20,NONE,0
2026-02-27T03:43:00.799Z,DOWNTREND,BREAKOUT,60.0,SHORT_ONLY,SHORT,1.20,1.00,52.69,35.51,27.52,0.7520,0.1730,-0.1103,-0.2339,FALLING,2,0,20,NONE,0
2026-02-27T03:46:58.870Z,DOWNTREND,BREAKOUT,33.0,BOTH,SHORT,1.00,1.00,56.30,35.51,27.75,0.7458,0.1716,-0.0882,-0.1664,FALLING,3,0,20,NONE,0
2026-02-27T03:49:59.319Z,TRANSITION,BREAKOUT,21.0,BOTH,NEUTRAL,0.70,1.00,56.30,35.51,27.75,0.7458,0.1714,0.0500,-0.0380,FALLING,3,0,0,NONE,0
2026-02-27T03:53:59.065Z,CHOP,BREAKOUT,10.5,NONE,NEUTRAL,0.50,1.00,58.41,35.51,35.55,0.7481,0.1701,0.2998,0.0789,FALLING,4,0,0,NONE,0
2026-02-27T03:56:59.649Z,CHOP,RETEST,4.5,NONE,NEUTRAL,0.50,1.00,61.52,35.51,45.16,0.7806,0.1697,0.3830,0.2345,FALLING,5,0,0,NONE,0
2026-02-27T04:00:00.395Z,CHOP,RETEST,4.5,NONE,NEUTRAL,0.50,1.00,61.52,35.51,45.16,0.7806,0.1697,0.4838,0.2319,FALLING,5,0,0,NONE,0
2026-02-27T04:03:58.926Z,UPTREND,NONE,57.0,BOTH,LONG,1.00,1.00,65.82,35.51,52.18,0.8200,0.1785,0.9142,0.6912,FLAT,6,0,15,NONE,0
2026-02-27T04:06:59.920Z,UPTREND,NONE,69.0,LONG_ONLY,LONG,1.20,1.00,72.44,45.36,63.18,1.0167,0.1994,0.9150,0.3362,FLAT,7,0,25,NONE,0
2026-02-27T04:11:00.010Z,UPTREND,BREAKOUT,69.0,LONG_ONLY,LONG,1.20,2.00,69.70,45.36,72.52,1.1445,0.2018,1.0379,0.7644,RISING,0,1,0,NONE,0
2026-02-27T04:14:59.104Z,UPTREND,BREAKOUT,69.0,LONG_ONLY,LONG,1.20,2.00,69.70,45.36,72.52,1.1445,0.2016,1.1139,0.7955,RISING,0,1,0,NONE,0
2026-02-27T04:17:59.994Z,UPTREND,BREAKOUT,76.5,LONG_ONLY,LONG,1.20,2.00,74.05,45.36,79.86,1.3379,0.2083,1.3748,1.1637,RISING,1,0,0,NONE,0
2026-02-27T04:21:59.160Z,UPTREND,BREAKOUT,76.5,LONG_ONLY,LONG,1.20,1.00,78.65,45.36,89.56,1.6515,0.2239,1.3009,1.0713,RISING,2,0,25,NONE,0
2026-02-27T04:24:59.205Z,UPTREND,BREAKOUT,76.5,LONG_ONLY,LONG,1.20,1.00,78.65,45.36,89.56,1.6515,0.2239,1.3173,1.1404,RISING,2,0,25,NONE,0
2026-02-27T04:28:59.918Z,UPTREND,BREAKOUT,69.0,LONG_ONLY,LONG,1.20,1.00,69.59,45.36,85.91,1.8044,0.2257,1.2284,0.9308,RISING,0,1,0,NONE,0
2026-02-27T04:33:00.002Z,UPTREND,BREAKOUT,87.0,LONG_ONLY,LONG,1.20,1.00,66.78,45.36,78.46,1.9093,0.2213,0.9763,0.9497,RISING,0,2,0,NONE,0
2026-02-27T04:37:00.312Z,UPTREND,BREAKOUT,87.0,LONG_ONLY,LONG,1.20,1.00,61.48,45.36,69.51,1.9480,0.2263,0.8670,1.0266,RISING,0,3,0,NONE,0
2026-02-27T04:40:59.280Z,UPTREND,BREAKOUT,87.0,LONG_ONLY,LONG,1.20,1.00,58.24,45.36,69.37,1.9444,0.2201,0.7288,0.8771,RISING,0,4,0,NONE,0
2026-02-27T04:44:00.705Z,UPTREND,BREAKOUT,87.0,LONG_ONLY,LONG,1.20,1.00,58.24,45.36,69.37,1.9444,0.2202,0.5459,0.9376,RISING,0,4,0,NONE,0
2026-02-27T04:47:59.591Z,UPTREND,BREAKOUT,87.0,LONG_ONLY,LONG,1.20,1.00,57.24,45.36,63.18,1.9205,0.2164,0.6432,0.9442,RISING,0,5,0,NONE,0
2026-02-27T04:51:58.909Z,UPTREND,BREAKOUT,79.5,LONG_ONLY,LONG,1.20,1.00,59.09,45.36,63.60,1.8744,0.2137,0.4539,0.8051,RISING,1,0,0,NONE,0
2026-02-27T04:54:59.422Z,UPTREND,BREAKOUT,87.0,LONG_ONLY,LONG,1.20,1.00,59.09,45.36,63.60,1.8744,0.2133,0.5385,1.1138,RISING,1,0,0,NONE,0
2026-02-27T05:00:00.999Z,UPTREND,BREAKOUT,75.0,LONG_ONLY,LONG,1.20,1.00,62.18,45.36,65.12,1.8215,0.2177,0.1693,0.7275,RISING,2,0,0,NONE,0
2026-02-27T05:04:00.249Z,UPTREND,RETEST,67.5,LONG_ONLY,LONG,1.20,1.00,54.68,45.36,59.31,1.7234,0.2237,0.0289,1.1216,RISING,0,1,0,NONE,0
2026-02-27T05:07:59.994Z,UPTREND,NONE,79.5,LONG_ONLY,LONG,1.20,1.00,57.18,45.48,60.53,1.5685,0.2199,0.1473,1.3475,RISING,1,0,0,NONE,0
2026-02-27T05:11:58.855Z,UPTREND,RETEST,67.5,LONG_ONLY,LONG,1.20,1.00,55.72,45.48,57.77,1.3584,0.2095,-0.1623,1.3026,FLAT,0,1,0,NONE,0
2026-02-27T05:14:59.914Z,UPTREND,RETEST,67.5,LONG_ONLY,LONG,1.20,1.00,55.72,45.48,57.77,1.3584,0.2094,-0.1954,1.2793,FLAT,0,1,0,NONE,0
2026-02-27T05:18:58.948Z,UPTREND,NONE,67.5,LONG_ONLY,LONG,1.20,1.00,58.28,45.48,54.95,1.2055,0.2093,-0.4026,1.2281,FLAT,1,0,0,NONE,0
2026-02-27T05:22:00.647Z,UPTREND,NONE,55.5,BOTH,LONG,1.00,1.00,56.79,45.48,48.24,1.0549,0.2007,-0.3533,1.0869,FLAT,0,1,0,NONE,0
2026-02-27T05:25:59.947Z,UPTREND,RETEST,37.5,BOTH,LONG,1.00,1.00,54.05,45.48,41.59,0.9146,0.2071,-0.2265,0.9554,FALLING,0,2,20,NONE,0
2026-02-27T05:29:00.716Z,UPTREND,RETEST,48.0,BOTH,LONG,1.00,1.00,54.05,45.48,41.59,0.9146,0.2070,-0.1861,1.1185,FALLING,0,2,20,NONE,0
2026-02-27T05:32:59.913Z,UPTREND,NONE,63.0,LONG_ONLY,LONG,1.20,1.00,55.16,45.48,33.97,0.7693,0.1989,-0.0230,0.9980,FALLING,1,0,20,NONE,0
2026-02-27T05:36:00.718Z,UPTREND,NONE,33.0,BOTH,LONG,1.00,1.00,57.22,45.48,38.73,0.6373,0.1935,-0.0473,0.8446,FALLING,2,0,20,NONE,0
2026-02-27T05:39:59.330Z,UPTREND,NONE,33.0,BOTH,LONG,1.00,1.00,57.22,45.48,38.73,0.6373,0.1934,0.0868,0.8256,FALLING,2,0,20,NONE,0
2026-02-27T05:44:00.331Z,UPTREND,NONE,37.5,BOTH,LONG,1.00,1.00,57.57,45.48,41.67,0.5537,0.1894,0.1447,1.0296,FALLING,3,0,20,NONE,0
2026-02-27T05:47:59.055Z,TRANSITION,NONE,27.0,BOTH,NEUTRAL,0.70,1.00,56.78,45.48,51.85,0.5512,0.1804,-0.0363,0.7159,FALLING,0,1,0,NONE,0
2026-02-27T05:50:59.057Z,CHOP,RETEST,9.0,NONE,NEUTRAL,0.50,1.00,52.50,45.48,52.83,0.5503,0.1768,-0.0155,0.7717,FALLING,0,2,0,NONE,0
2026-02-27T05:54:59.056Z,CHOP,RETEST,9.0,NONE,NEUTRAL,0.50,1.00,52.50,45.48,52.83,0.5503,0.1769,-0.1856,0.7190,FALLING,0,2,0,NONE,0
2026-02-27T05:58:59.051Z,CHOP,RETEST,9.0,NONE,NEUTRAL,0.50,1.00,50.26,45.48,58.61,0.5582,0.1702,-0.0722,0.5223,FALLING,0,3,0,NONE,0
2026-02-27T06:03:00.669Z,CHOP,RETEST,9.0,NONE,NEUTRAL,0.50,1.00,49.26,45.48,50.21,0.3951,0.1660,-0.1303,0.4959,FALLING,0,4,0,NONE,0
2026-02-27T06:06:00.718Z,CHOP,RETEST,9.0,NONE,NEUTRAL,0.50,1.00,51.93,44.74,44.20,0.3189,0.1606,-0.0972,0.4166,FALLING,1,0,0,NONE,0
2026-02-27T06:10:00.277Z,CHOP,RETEST,9.0,NONE,NEUTRAL,0.50,1.00,51.93,44.74,44.20,0.3189,0.1607,-0.1428,0.5403,FALLING,1,0,0,NONE,0
2026-02-27T06:14:00.279Z,CHOP,RETEST,9.0,NONE,NEUTRAL,0.50,1.00,48.40,44.74,52.45,0.2825,0.1580,-0.2794,0.4972,FALLING,0,1,0,NONE,0
2026-02-27T06:18:00.386Z,CHOP,RETEST,4.5,NONE,NEUTRAL,0.50,1.00,45.24,44.74,33.54,0.3233,0.1551,-0.2758,0.4395,FALLING,0,2,0,NONE,0
2026-02-27T06:21:59.931Z,CHOP,RETEST,12.0,NONE,NEUTRAL,0.50,1.00,43.87,44.74,26.71,0.3756,0.1527,-0.1517,0.2979,FALLING,0,3,0,NONE,0
2026-02-27T06:25:00.690Z,TRANSITION,RETEST,24.0,BOTH,NEUTRAL,0.70,1.00,43.87,44.74,26.71,0.3756,0.1528,-0.2968,0.2449,FALLING,0,3,0,NONE,0
2026-02-27T06:28:59.235Z,DOWNTREND,BREAKOUT,34.5,BOTH,SHORT,1.00,1.00,40.71,44.74,19.28,0.4509,0.1486,-0.3489,0.2103,FALLING,0,4,20,NONE,0
2026-02-27T06:33:00.125Z,TRANSITION,BREAKOUT,22.5,BOTH,NEUTRAL,0.70,1.00,41.68,44.74,17.57,0.4997,0.1467,-0.3244,0.1738,FALLING,1,0,0,NONE,0
2026-02-27T06:36:59.905Z,TRANSITION,BREAKOUT,15.0,BOTH,NEUTRAL,0.70,1.00,45.90,44.74,29.83,0.4845,0.1475,-0.0952,0.4148,FLAT,2,0,0,NONE,0
2026-02-27T06:40:59.253Z,TRANSITION,BREAKOUT,15.0,BOTH,NEUTRAL,0.70,1.00,52.58,44.74,34.23,0.4847,0.1486,-0.1261,0.4353,FLAT,3,0,0,NONE,0
2026-02-27T06:44:00.686Z,TRANSITION,BREAKOUT,15.0,BOTH,NEUTRAL,0.70,1.00,52.58,44.74,34.23,0.4847,0.1486,-0.1347,0.4836,FLAT,3,0,0,NONE,0
2026-02-27T06:47:59.097Z,CHOP,BREAKOUT,12.0,NONE,NEUTRAL,0.50,1.00,52.65,44.74,33.32,0.4760,0.1422,0.0441,0.5174,RISING,4,0,0,NONE,0
2026-02-27T06:50:59.804Z,CHOP,BREAKOUT,4.5,NONE,NEUTRAL,0.50,1.00,54.21,44.74,37.90,0.4731,0.1411,-0.0493,0.5141,FLAT,5,0,0,NONE,0
2026-02-27T06:55:00.458Z,CHOP,BREAKOUT,4.5,NONE,NEUTRAL,0.50,1.00,54.21,44.74,37.90,0.4731,0.1411,-0.0520,0.6104,FLAT,5,0,0,NONE,0
2026-02-27T06:58:58.937Z,CHOP,BREAKOUT,4.5,NONE,NEUTRAL,0.50,1.00,50.00,44.74,34.75,0.4509,0.1395,-0.0931,0.5935,FLAT,0,1,0,NONE,0
2026-02-27T07:02:00.668Z,CHOP,BREAKOUT,12.0,NONE,NEUTRAL,0.50,1.00,45.79,44.74,35.18,0.4460,0.1367,-0.1343,0.6159,RISING,0,2,0,NONE,0
2026-02-27T07:05:59.700Z,CHOP,BREAKOUT,12.0,NONE,NEUTRAL,0.50,1.00,41.88,42.37,36.37,0.4718,0.1401,-0.2367,0.7032,FLAT,0,3,0,NONE,0
2026-02-27T07:09:58.680Z,CHOP,BREAKOUT,12.0,NONE,NEUTRAL,0.50,1.00,41.88,42.37,36.37,0.4718,0.1399,-0.0006,0.7275,FLAT,0,3,0,NONE,0
2026-02-27T07:12:59.919Z,CHOP,BREAKOUT,0.0,NONE,NEUTRAL,0.50,1.00,49.34,42.37,42.82,0.4605,0.1425,0.0343,0.8376,FLAT,1,0,0,NONE,0
2026-02-27T07:16:58.943Z,CHOP,BREAKOUT,13.5,NONE,NEUTRAL,0.50,1.00,46.53,42.37,38.87,0.4322,0.1392,-0.1355,0.6163,FLAT,0,1,0,NONE,0
2026-02-27T07:19:59.741Z,CHOP,BREAKOUT,13.5,NONE,NEUTRAL,0.50,1.00,46.53,42.37,38.87,0.4322,0.1391,0.0075,0.6476,FLAT,0,1,0,NONE,0
2026-02-27T07:24:00.658Z,CHOP,BREAKOUT,13.5,NONE,NEUTRAL,0.50,1.00,46.41,42.37,34.11,0.3888,0.1373,0.0398,0.7335,FLAT,0,2,0,NONE,0
2026-02-27T07:28:00.133Z,CHOP,BREAKOUT,6.0,NONE,NEUTRAL,0.50,1.00,43.78,42.37,35.78,0.3493,0.1376,-0.0010,0.6665,FALLING,0,3,0,NONE,0
2026-02-27T07:31:59.650Z,CHOP,BREAKOUT,6.0,NONE,NEUTRAL,0.50,1.00,37.31,42.37,35.52,0.3945,0.1454,-0.1336,0.5516,FALLING,0,4,0,NONE,0
2026-02-27T07:36:00.410Z,CHOP,BREAKOUT,7.5,NONE,NEUTRAL,0.50,1.00,46.70,42.37,45.86,0.3870,0.1471,-0.1820,0.5489,FLAT,1,0,0,NONE,0
2026-02-27T07:39:59.081Z,CHOP,BREAKOUT,4.5,NONE,NEUTRAL,0.50,1.00,46.70,42.37,45.86,0.3870,0.1472,-0.2815,0.3882,FLAT,1,0,0,NONE,0
2026-02-27T07:42:59.494Z,DOWNTREND,BREAKOUT,30.0,BOTH,SHORT,1.00,1.00,43.06,42.37,47.97,0.3993,0.1514,-0.3293,0.2771,FLAT,0,1,0,NONE,0
2026-02-27T07:46:59.193Z,TRANSITION,BREAKOUT,22.5,BOTH,NEUTRAL,0.70,1.00,41.94,42.37,34.75,0.3961,0.1518,-0.2681,0.3606,FLAT,0,2,0,NONE,0
2026-02-27T07:49:59.216Z,TRANSITION,BREAKOUT,22.5,BOTH,NEUTRAL,0.70,1.00,41.94,42.37,34.75,0.3961,0.1517,-0.1028,0.3689,FLAT,0,2,0,NONE,0
2026-02-27T07:52:59.239Z,TRANSITION,BREAKOUT,15.0,BOTH,NEUTRAL,0.70,1.00,51.31,42.37,33.33,0.3876,0.1586,-0.0152,0.2759,FLAT,1,0,0,NONE,0
2026-02-27T07:55:59.507Z,CHOP,BREAKOUT,12.0,NONE,NEUTRAL,0.50,1.00,54.84,42.37,37.50,0.4048,0.1549,0.0680,0.1647,RISING,2,0,0,NONE,0
2026-02-27T07:59:59.096Z,CHOP,BREAKOUT,12.0,NONE,NEUTRAL,0.50,1.00,54.84,42.37,37.50,0.4048,0.1550,0.0059,0.0744,RISING,2,0,0,NONE,0
2026-02-27T08:02:59.230Z,CHOP,BREAKOUT,12.0,NONE,NEUTRAL,0.50,1.00,51.41,42.37,31.42,0.4075,0.1552,0.2028,-0.2192,RISING,0,1,0,NONE,0
2026-02-27T08:06:58.674Z,TRANSITION,BREAKOUT,25.5,BOTH,NEUTRAL,0.70,1.00,53.16,44.53,38.76,0.4068,0.1538,0.3557,0.2191,RISING,1,0,0,NONE,0
2026-02-27T08:10:59.498Z,UPTREND,BREAKOUT,57.0,BOTH,LONG,1.00,1.00,66.02,44.53,51.57,0.5845,0.1716,0.4835,0.1812,RISING,2,0,0,NONE,0
2026-02-27T08:14:58.784Z,UPTREND,BREAKOUT,57.0,BOTH,LONG,1.00,1.00,66.02,44.53,51.57,0.5845,0.1718,0.4168,-0.1438,RISING,2,0,0,NONE,0
2026-02-27T08:18:00.624Z,UPTREND,BREAKOUT,69.0,LONG_ONLY,LONG,1.20,1.00,59.67,44.53,60.91,0.6451,0.1760,0.5156,-0.1609,RISING,0,1,0,NONE,0
2026-02-27T08:21:59.311Z,UPTREND,BREAKOUT,57.0,BOTH,LONG,1.00,1.00,60.77,44.53,57.66,0.7076,0.1761,0.4944,-0.1779,RISING,1,0,0,NONE,0
2026-02-27T08:25:59.986Z,UPTREND,BREAKOUT,79.5,LONG_ONLY,LONG,1.20,1.00,60.96,44.53,60.04,0.7634,0.1696,0.4585,-0.0311,RISING,0,1,0,NONE,0
2026-02-27T08:29:59.251Z,UPTREND,BREAKOUT,87.0,LONG_ONLY,LONG,1.20,1.00,60.96,44.53,60.04,0.7634,0.1695,0.6574,0.2380,RISING,0,1,0,NONE,0
2026-02-27T08:32:59.887Z,UPTREND,BREAKOUT,79.5,LONG_ONLY,LONG,1.20,1.00,62.83,44.53,66.62,0.8312,0.1665,0.4966,0.0637,RISING,1,0,0,NONE,0
2026-02-27T08:36:00.619Z,UPTREND,BREAKOUT,57.0,BOTH,LONG,1.00,1.00,56.66,44.53,66.04,0.8558,0.1739,0.2932,-0.0652,RISING,0,1,0,NONE,0
2026-02-27T08:40:00.372Z,UPTREND,BREAKOUT,57.0,BOTH,LONG,1.00,1.00,56.66,44.53,66.04,0.8558,0.1739,0.4654,0.0089,RISING,0,1,0,NONE,0
2026-02-27T08:43:59.119Z,UPTREND,BREAKOUT,49.5,BOTH,LONG,1.00,1.00,52.20,44.53,65.46,0.8562,0.1749,0.4803,0.1540,RISING,0,2,0,NONE,0
2026-02-27T08:46:59.881Z,UPTREND,BREAKOUT,69.0,LONG_ONLY,LONG,1.20,1.00,58.13,44.53,63.69,0.8707,0.1761,0.5134,0.2737,RISING,1,0,0,NONE,0
2026-02-27T08:49:59.929Z,UPTREND,BREAKOUT,61.5,LONG_ONLY,LONG,1.20,1.00,58.13,44.53,63.69,0.8707,0.1760,0.4169,0.2773,RISING,1,0,0,NONE,0
2026-02-27T08:53:58.877Z,UPTREND,BREAKOUT,61.5,LONG_ONLY,LONG,1.20,1.00,60.96,44.53,70.27,0.9207,0.1801,0.2860,0.0436,FLAT,2,0,0,NONE,0
2026-02-27T08:56:58.995Z,UPTREND,BREAKOUT,72.0,LONG_ONLY,LONG,1.20,1.00,61.18,44.53,74.60,0.9542,0.1788,0.3991,0.3468,FLAT,3,0,0,NONE,0
2026-02-27T09:01:00.596Z,UPTREND,BREAKOUT,90.0,LONG_ONLY,LONG,1.20,1.00,57.30,44.53,71.04,0.9577,0.1732,0.3134,0.2855,FLAT,0,1,0,NONE,0
2026-02-27T09:04:59.051Z,UPTREND,BREAKOUT,67.5,LONG_ONLY,LONG,1.20,1.00,57.30,44.53,71.04,0.9577,0.1734,0.1705,0.0950,FLAT,0,1,0,NONE,0
2026-02-27T09:07:59.903Z,UPTREND,BREAKOUT,67.5,LONG_ONLY,LONG,1.20,1.00,55.13,48.01,64.86,0.9348,0.1749,0.0385,0.1649,FALLING,0,2,20,NONE,0
2026-02-27T09:11:59.825Z,UPTREND,BREAKOUT,67.5,LONG_ONLY,LONG,1.20,1.00,61.12,48.01,70.38,0.8822,0.1769,-0.1101,0.0435,FALLING,1,0,20,NONE,0
2026-02-27T09:15:58.774Z,UPTREND,BREAKOUT,90.0,LONG_ONLY,LONG,1.20,1.00,57.83,48.01,69.77,0.8526,0.1784,0.0730,0.2363,FALLING,0,1,20,NONE,0
2026-02-27T09:18:59.592Z,UPTREND,BREAKOUT,90.0,LONG_ONLY,LONG,1.20,1.00,57.83,48.01,69.77,0.8526,0.1784,0.1146,0.2468,FALLING,0,1,20,NONE,0
2026-02-27T09:22:58.955Z,UPTREND,BREAKOUT,67.5,LONG_ONLY,LONG,1.20,1.00,59.91,48.01,64.46,0.7840,0.1734,-0.0078,0.3064,FALLING,1,0,20,NONE,0
2026-02-27T09:26:59.325Z,UPTREND,BREAKOUT,67.5,LONG_ONLY,LONG,1.20,1.00,55.00,48.01,45.48,0.6472,0.1879,0.1567,0.3052,FALLING,0,1,20,NONE,0
2026-02-27T09:29:59.388Z,UPTREND,BREAKOUT,78.0,LONG_ONLY,LONG,1.20,1.00,55.00,48.01,45.48,0.6472,0.1878,0.0085,0.2950,FALLING,0,1,20,NONE,0
2026-02-27T09:34:00.578Z,UPTREND,BREAKOUT,63.0,LONG_ONLY,LONG,1.20,1.00,58.88,48.01,50.55,0.5969,0.1836,0.1744,0.2158,FALLING,1,0,20,NONE,0
2026-02-27T09:37:58.806Z,UPTREND,BREAKOUT,63.0,LONG_ONLY,LONG,1.20,1.00,55.86,48.01,49.85,0.5526,0.1779,0.0549,0.0081,FALLING,0,1,20,NONE,0
2026-02-27T09:40:59.415Z,UPTREND,BREAKOUT,45.0,BOTH,LONG,1.00,1.00,46.48,48.01,43.85,0.4753,0.1876,-0.0420,-0.0240,FALLING,0,2,20,NONE,0
2026-02-27T09:44:00.366Z,UPTREND,BREAKOUT,33.0,BOTH,LONG,1.00,1.00,46.48,48.01,43.85,0.4753,0.1878,-0.2473,-0.1271,FALLING,0,2,20,NONE,0
2026-02-27T09:47:59.703Z,CHOP,NONE,1.5,NONE,NEUTRAL,0.50,1.00,38.49,48.01,42.77,0.5607,0.1982,-0.8204,-0.4431,FALLING,0,3,0,NONE,0
2026-02-27T09:51:00.568Z,TRANSITION,NONE,16.5,BOTH,NEUTRAL,0.70,1.00,33.41,48.01,33.81,0.8171,0.2136,-0.7333,-0.5406,FLAT,0,4,0,NONE,0
2026-02-27T09:54:58.751Z,TRANSITION,NONE,16.5,BOTH,NEUTRAL,0.70,1.00,33.41,48.01,33.81,0.8171,0.2139,-0.9905,-0.6267,FLAT,0,4,0,NONE,0
2026-02-27T09:57:59.967Z,DOWNTREND,BREAKOUT,40.5,BOTH,SHORT,1.00,1.00,29.91,48.01,28.73,1.1034,0.2215,-0.7967,-0.4213,RISING,0,5,15,NONE,0
2026-02-27T10:01:00.083Z,DOWNTREND,BREAKOUT,69.0,SHORT_ONLY,SHORT,1.20,1.00,31.98,48.01,26.94,1.2822,0.2226,-0.8605,-0.5204,RISING,1,0,0,NONE,0
2026-02-27T10:04:59.581Z,DOWNTREND,BREAKOUT,69.0,SHORT_ONLY,SHORT,1.20,2.00,31.98,48.01,26.94,1.2822,0.2230,-0.9611,-0.7477,RISING,1,0,0,NONE,0
2026-02-27T10:07:59.812Z,DOWNTREND,BREAKOUT,76.5,SHORT_ONLY,SHORT,1.20,1.00,29.33,39.06,23.30,1.4811,0.2296,-0.8807,-0.5512,RISING,0,1,0,NONE,0
2026-02-27T10:11:58.565Z,DOWNTREND,BREAKOUT,76.5,SHORT_ONLY,SHORT,1.20,2.00,29.43,39.06,33.44,1.6248,0.2291,-1.4411,-0.9972,RISING,0,2,0,NONE,0
2026-02-27T10:14:59.291Z,DOWNTREND,BREAKOUT,76.5,SHORT_ONLY,SHORT,1.20,2.00,29.43,39.06,33.44,1.6248,0.2295,-1.6322,-1.2039,RISING,0,2,0,NONE,0
2026-02-27T10:18:58.773Z,DOWNTREND,BREAKOUT,76.5,SHORT_ONLY,SHORT,1.20,1.00,21.65,39.06,27.34,1.9848,0.2574,-1.4777,-0.9210,RISING,0,3,25,NONE,0
2026-02-27T10:22:59.268Z,DOWNTREND,BREAKOUT,76.5,SHORT_ONLY,SHORT,1.20,2.00,27.60,39.06,22.44,2.1963,0.2635,-1.6466,-1.1839,RISING,1,0,0,NONE,0
2026-02-27T10:25:59.948Z,DOWNTREND,BREAKOUT,76.5,SHORT_ONLY,SHORT,1.20,1.00,25.71,39.06,17.51,2.3960,0.2801,-1.6666,-1.0023,RISING,0,1,0,NONE,0
2026-02-27T10:29:59.657Z,DOWNTREND,BREAKOUT,76.5,SHORT_ONLY,SHORT,1.20,1.00,25.71,39.06,17.51,2.3960,0.2804,-1.8162,-1.3276,RISING,0,1,0,NONE,0
2026-02-27T10:32:59.913Z,DOWNTREND,BREAKOUT,76.5,SHORT_ONLY,SHORT,1.20,1.00,23.92,39.06,15.32,2.5780,0.2783,-1.6101,-1.0366,RISING,0,2,25,NONE,0
2026-02-27T10:36:00.541Z,DOWNTREND,BREAKOUT,94.5,SHORT_ONLY,SHORT,1.20,1.00,26.89,39.06,21.97,2.6759,0.2787,-1.4948,-1.3082,RISING,1,0,0,NONE,0
2026-02-27T10:40:00.133Z,DOWNTREND,BREAKOUT,94.5,SHORT_ONLY,SHORT,1.20,1.00,26.89,39.06,21.97,2.6759,0.2790,-1.5207,-1.4201,RISING,1,0,0,NONE,0
2026-02-27T10:43:58.794Z,DOWNTREND,BREAKOUT,94.5,SHORT_ONLY,SHORT,1.20,1.00,25.81,39.06,20.50,2.7693,0.2686,-1.2210,-1.4041,RISING,0,1,0,NONE,0
2026-02-27T10:47:00.000Z,DOWNTREND,BREAKOUT,94.5,SHORT_ONLY,SHORT,1.20,1.00,27.42,39.06,17.82,2.8195,0.2650,-1.0164,-1.4985,RISING,1,0,0,NONE,0
2026-02-27T10:50:59.431Z,DOWNTREND,BREAKOUT,100.0,SHORT_ONLY,SHORT,1.20,2.00,27.28,39.06,17.41,2.7859,0.2627,-1.0191,-1.5152,RISING,0,1,0,NONE,0
2026-02-27T10:54:00.510Z,DOWNTREND,BREAKOUT,100.0,SHORT_ONLY,SHORT,1.20,2.00,27.28,39.06,17.41,2.7859,0.2630,-1.0784,-1.6472,RISING,0,1,0,NONE,0
2026-02-27T10:57:58.859Z,DOWNTREND,BREAKOUT,100.0,SHORT_ONLY,SHORT,1.20,1.00,23.10,39.06,16.35,2.8001,0.2691,-1.1426,-1.5226,RISING,0,2,25,NONE,0
2026-02-27T11:00:58.969Z,DOWNTREND,BREAKOUT,94.5,SHORT_ONLY,SHORT,1.20,1.00,23.36,39.06,18.04,2.7304,0.2569,-1.0470,-1.3981,RISING,1,0,25,NONE,0
2026-02-27T11:04:00.138Z,DOWNTREND,BREAKOUT,94.5,SHORT_ONLY,SHORT,1.20,1.00,23.36,39.06,18.04,2.7304,0.2569,-0.8050,-1.3051,RISING,1,0,25,NONE,0
2026-02-27T11:07:59.041Z,DOWNTREND,BREAKOUT,87.0,SHORT_ONLY,SHORT,1.20,1.00,28.15,33.21,24.91,2.6098,0.2512,-0.9003,-1.4705,FLAT,2,0,0,NONE,0
2026-02-27T11:10:59.834Z,DOWNTREND,BREAKOUT,90.0,SHORT_ONLY,SHORT,1.20,1.00,31.10,33.21,25.79,2.3584,0.2456,-0.3789,-1.3699,FLAT,3,0,0,NONE,0
2026-02-27T11:14:59.878Z,DOWNTREND,BREAKOUT,90.0,SHORT_ONLY,SHORT,1.20,1.00,31.10,33.21,25.79,2.3584,0.2458,-0.3498,-1.3366,FLAT,3,0,0,NONE,0
2026-02-27T11:18:00.026Z,DOWNTREND,BREAKOUT,100.0,SHORT_ONLY,SHORT,1.20,1.00,30.13,33.21,27.50,2.0525,0.2412,-0.6642,-1.5558,FALLING,0,1,20,NONE,0
2026-02-27T11:21:58.614Z,DOWNTREND,BREAKOUT,100.0,SHORT_ONLY,SHORT,1.20,1.00,23.36,33.21,17.90,1.8887,0.2592,-0.4232,-1.5830,FLAT,0,2,25,NONE,0
2026-02-27T11:24:59.732Z,DOWNTREND,BREAKOUT,100.0,SHORT_ONLY,SHORT,1.20,1.00,23.36,33.21,17.90,1.8887,0.2591,-0.5074,-1.6274,FLAT,0,2,25,NONE,0
2026-02-27T11:27:59.838Z,DOWNTREND,BREAKOUT,90.0,SHORT_ONLY,SHORT,1.20,1.00,30.23,33.21,31.87,1.7219,0.2587,-0.2095,-1.3613,FLAT,1,0,0,NONE,0
2026-02-27T11:31:58.778Z,DOWNTREND,NONE,100.0,SHORT_ONLY,SHORT,1.20,1.00,30.55,33.21,37.60,1.5949,0.2563,-0.5833,-1.5591,FLAT,2,0,0,NONE,0
2026-02-27T11:35:59.678Z,DOWNTREND,NONE,100.0,SHORT_ONLY,SHORT,1.20,1.00,29.27,33.21,38.89,1.5174,0.2558,-0.8354,-1.9233,FLAT,0,1,0,BULLISH_DIV,4
2026-02-27T11:39:58.752Z,DOWNTREND,NONE,100.0,SHORT_ONLY,SHORT,1.20,1.00,29.27,33.21,38.89,1.5174,0.2566,-0.9842,-2.0189,FLAT,0,1,0,BULLISH_DIV,4
2026-02-27T11:42:58.765Z,DOWNTREND,NONE,100.0,SHORT_ONLY,SHORT,1.20,1.00,22.31,33.21,30.41,1.5589,0.2804,-1.1272,-2.2353,FLAT,0,2,25,BULLISH_DIV,4
2026-02-27T11:45:58.964Z,DOWNTREND,NONE,100.0,SHORT_ONLY,SHORT,1.20,1.00,20.53,33.21,22.67,1.6681,0.2817,-1.1274,-2.3471,RISING,0,3,25,BULLISH_DIV,4
2026-02-27T11:48:59.180Z,DOWNTREND,NONE,100.0,SHORT_ONLY,SHORT,1.20,1.00,20.53,33.21,22.67,1.6681,0.2815,-1.0861,-2.3487,RISING,0,3,25,BULLISH_DIV,4
2026-02-27T11:52:58.688Z,DOWNTREND,NONE,100.0,SHORT_ONLY,SHORT,1.20,1.00,25.77,33.21,29.61,1.6266,0.2814,-0.8346,-2.4902,RISING,1,0,0,BULLISH_DIV,4
2026-02-27T11:55:59.313Z,DOWNTREND,NONE,100.0,SHORT_ONLY,SHORT,1.20,1.00,24.82,33.21,29.47,1.7459,0.2690,-0.9602,-2.4523,RISING,0,1,25,BULLISH_DIV,4
2026-02-27T11:59:00.105Z,DOWNTREND,NONE,100.0,SHORT_ONLY,SHORT,1.20,1.00,24.82,33.21,29.47,1.7459,0.2684,-0.6661,-2.2340,RISING,0,1,25,BULLISH_DIV,4
2026-02-27T12:02:59.335Z,DOWNTREND,NONE,100.0,SHORT_ONLY,SHORT,1.20,1.00,29.34,33.21,36.14,1.7408,0.2689,-1.0017,-2.4936,RISING,1,0,0,NONE,0
2026-02-27T12:05:59.525Z,DOWNTREND,NONE,100.0,SHORT_ONLY,SHORT,1.20,1.00,27.67,28.10,37.14,1.7762,0.2602,-0.8444,-2.5552,RISING,0,1,0,NONE,0
2026-02-27T12:10:00.084Z,DOWNTREND,NONE,100.0,SHORT_ONLY,SHORT,1.20,1.00,27.67,28.10,37.14,1.7762,0.2601,-0.8817,-2.7100,RISING,0,1,0,NONE,0
2026-02-27T12:13:59.070Z,DOWNTREND,NONE,100.0,SHORT_ONLY,SHORT,1.20,1.00,32.57,28.10,43.07,1.7805,0.2611,-1.0574,-2.7849,RISING,1,0,0,NONE,0
2026-02-27T12:17:00.059Z,DOWNTREND,NONE,100.0,SHORT_ONLY,SHORT,1.20,1.00,29.17,28.10,37.46,1.7965,0.2670,-0.9131,-2.9550,RISING,0,1,0,NONE,0
2026-02-27T12:20:58.477Z,DOWNTREND,NONE,100.0,SHORT_ONLY,SHORT,1.20,1.00,28.06,28.10,33.84,1.8218,0.2594,-0.5870,-2.6420,RISING,0,2,0,NONE,0
2026-02-27T12:24:00.341Z,DOWNTREND,NONE,100.0,SHORT_ONLY,SHORT,1.20,1.00,28.06,28.10,33.84,1.8218,0.2598,-0.7475,-2.7860,RISING,0,2,0,NONE,0
2026-02-27T12:27:00.473Z,DOWNTREND,NONE,100.0,SHORT_ONLY,SHORT,1.20,1.00,29.24,28.10,37.59,1.7897,0.2633,-1.0099,-2.8657,RISING,1,0,0,NONE,0
2026-02-27T12:30:58.660Z,DOWNTREND,NONE,100.0,SHORT_ONLY,SHORT,1.20,1.00,28.26,28.10,39.34,1.7380,0.2567,-0.7801,-2.9468,FLAT,0,1,0,NONE,0
2026-02-27T12:34:00.467Z,DOWNTREND,NONE,100.0,SHORT_ONLY,SHORT,1.20,1.00,28.26,28.10,39.34,1.7380,0.2566,-0.7152,-2.7526,FLAT,0,1,0,NONE,0
2026-02-27T12:37:58.542Z,DOWNTREND,NONE,100.0,SHORT_ONLY,SHORT,1.20,1.00,34.71,28.10,37.72,1.7068,0.2536,-0.3426,-2.7405,FLAT,1,0,0,BULLISH_DIV,24
2026-02-27T12:40:59.383Z,DOWNTREND,NONE,100.0,SHORT_ONLY,SHORT,1.20,1.00,32.65,28.10,33.72,1.6743,0.2540,-0.0896,-2.7960,FLAT,0,1,0,BULLISH_DIV,24
2026-02-27T12:43:59.959Z,DOWNTREND,NONE,100.0,SHORT_ONLY,SHORT,1.20,1.00,32.65,28.10,33.72,1.6743,0.2541,-0.0826,-2.9082,FLAT,0,1,0,BULLISH_DIV,24
2026-02-27T12:47:59.227Z,DOWNTREND,NONE,100.0,SHORT_ONLY,SHORT,1.20,1.00,31.27,28.10,34.43,1.5929,0.2453,-0.4332,-3.2774,FLAT,0,2,0,BULLISH_DIV,24
2026-02-27T12:50:59.248Z,DOWNTREND,NONE,100.0,SHORT_ONLY,SHORT,1.20,1.00,27.86,28.10,36.82,1.4890,0.2474,-0.4117,-3.1548,FLAT,0,3,0,BULLISH_DIV,24
2026-02-27T12:54:59.243Z,DOWNTREND,NONE,100.0,SHORT_ONLY,SHORT,1.20,1.00,27.86,28.10,36.82,1.4890,0.2471,-0.3086,-3.1797,FLAT,0,3,0,BULLISH_DIV,24
2026-02-27T12:58:00.458Z,DOWNTREND,NONE,100.0,SHORT_ONLY,SHORT,1.20,1.00,31.58,28.10,45.44,1.3167,0.2422,-0.5516,-3.1677,FLAT,1,0,0,BULLISH_DIV,24
2026-02-27T13:01:59.049Z,DOWNTREND,NONE,97.5,SHORT_ONLY,SHORT,1.20,1.00,37.09,28.10,42.87,1.2591,0.2399,-0.0780,-2.8202,FLAT,2,0,0,BULLISH_DIV,24
2026-02-27T13:05:59.086Z,DOWNTREND,NONE,78.0,SHORT_ONLY,SHORT,1.20,1.00,47.36,30.22,51.67,1.1018,0.2505,-0.1009,-2.6756,FLAT,3,0,0,NONE,0
2026-02-27T13:09:59.153Z,DOWNTREND,NONE,78.0,SHORT_ONLY,SHORT,1.20,1.00,47.36,30.22,51.67,1.1018,0.2506,0.0061,-2.8229,FLAT,3,0,0,NONE,0
2026-02-27T13:13:58.770Z,DOWNTREND,NONE,97.5,SHORT_ONLY,SHORT,1.20,1.00,43.31,30.22,44.62,0.8798,0.2508,0.0314,-2.8856,FLAT,0,1,0,NONE,0
2026-02-27T13:16:59.295Z,DOWNTREND,NONE,85.5,SHORT_ONLY,SHORT,1.20,1.00,43.03,30.22,44.75,0.6192,0.2448,0.2342,-2.8007,FLAT,0,2,0,NONE,0
2026-02-27T13:21:00.022Z,DOWNTREND,NONE,67.5,SHORT_ONLY,SHORT,1.20,1.00,47.70,30.22,42.01,0.6295,0.2408,-0.0015,-2.8069,FLAT,1,0,0,NONE,0
2026-02-27T13:24:00.445Z,DOWNTREND,NONE,67.5,SHORT_ONLY,SHORT,1.20,1.00,47.70,30.22,42.01,0.6295,0.2410,0.1124,-2.8101,FLAT,1,0,0,NONE,0
2026-02-27T13:28:00.128Z,DOWNTREND,NONE,75.0,SHORT_ONLY,SHORT,1.20,1.00,42.66,30.22,43.09,0.6296,0.2438,0.0758,-2.9225,FLAT,0,1,0,NONE,0
2026-02-27T13:31:58.569Z,DOWNTREND,NONE,97.5,SHORT_ONLY,SHORT,1.20,1.00,43.65,30.22,44.43,0.6169,0.2449,-0.2166,-3.1541,FLAT,1,0,0,NONE,0
2026-02-27T13:34:58.811Z,DOWNTREND,NONE,97.5,SHORT_ONLY,SHORT,1.20,1.00,43.65,30.22,44.43,0.6169,0.2447,-0.1454,-2.9745,FLAT,1,0,0,NONE,0
2026-02-27T13:37:59.052Z,DOWNTREND,NONE,100.0,SHORT_ONLY,SHORT,1.20,1.00,40.01,30.22,35.73,0.6262,0.2523,-0.4309,-3.1143,FLAT,0,1,0,NONE,0
2026-02-27T13:40:59.306Z,DOWNTREND,NONE,100.0,SHORT_ONLY,SHORT,1.20,1.00,36.68,30.22,33.65,0.6507,0.2639,-0.1410,-2.8863,FLAT,0,2,0,NONE,0
2026-02-27T13:43:59.310Z,DOWNTREND,NONE,90.0,SHORT_ONLY,SHORT,1.20,1.00,36.68,30.22,33.65,0.6507,0.2632,0.1934,-2.3338,FLAT,0,2,0,NONE,0
2026-02-27T13:46:59.638Z,DOWNTREND,NONE,82.5,SHORT_ONLY,SHORT,1.20,1.00,46.75,30.22,36.37,0.6476,0.2739,0.3887,-2.0982,FLAT,1,0,0,NONE,0
2026-02-27T13:49:59.884Z,DOWNTREND,NONE,75.0,SHORT_ONLY,SHORT,1.20,1.00,46.75,30.22,36.37,0.6476,0.2735,0.5873,-1.8665,FLAT,1,0,0,NONE,0
2026-02-27T13:53:59.951Z,DOWNTREND,NONE,48.0,BOTH,SHORT,1.00,1.00,50.82,30.22,45.14,0.6500,0.2678,0.6102,-1.6144,FLAT,2,0,0,NONE,0
2026-02-27T13:58:25.976Z,DOWNTREND,NONE,60.0,SHORT_ONLY,SHORT,1.20,1.00,53.47,30.22,54.03,0.7319,0.2694,0.5621,-1.8198,FLAT,3,0,0,BULLISH_DIV,28
2026-02-27T14:02:00.023Z,DOWNTREND,NONE,45.0,BOTH,SHORT,1.00,1.00,54.71,30.22,58.81,0.8161,0.2680,0.3769,-1.5198,FLAT,4,0,0,BULLISH_DIV,28
2026-02-27T14:05:59.495Z,TRANSITION,NONE,16.5,BOTH,NEUTRAL,0.70,1.00,51.70,30.69,54.57,0.8495,0.2613,0.2089,-1.6828,FLAT,0,1,0,BULLISH_DIV,28
2026-02-27T14:09:58.608Z,TRANSITION,NONE,28.5,BOTH,NEUTRAL,0.70,1.00,51.70,30.69,54.57,0.8495,0.2615,0.2628,-1.5069,FLAT,0,1,0,BULLISH_DIV,28
2026-02-27T14:12:59.375Z,CHOP,NONE,4.5,NONE,NEUTRAL,0.50,1.00,51.54,30.69,51.23,0.8667,0.2511,0.3074,-1.1465,FLAT,0,2,0,BULLISH_DIV,28
2026-02-27T14:15:59.643Z,CHOP,NONE,3.0,NONE,NEUTRAL,0.50,1.00,56.38,30.69,46.02,0.9492,0.2523,0.3219,-1.0438,FLAT,1,0,0,BULLISH_DIV,28
2026-02-27T14:19:59.135Z,TRANSITION,NONE,19.5,BOTH,NEUTRAL,0.70,1.00,56.38,30.69,46.02,0.9492,0.2529,0.0599,-0.9427,FLAT,1,0,0,BULLISH_DIV,28
2026-02-27T14:23:00.406Z,TRANSITION,NONE,27.0,BOTH,NEUTRAL,0.70,1.00,49.13,30.69,47.31,0.9490,0.2564,-0.0021,-1.2646,FLAT,0,1,0,BULLISH_DIV,28
2026-02-27T14:26:59.928Z,DOWNTREND,NONE,55.5,BOTH,SHORT,1.00,1.00,47.33,30.69,47.67,0.9274,0.2542,0.1000,-1.1088,FLAT,0,2,0,BULLISH_DIV,28
2026-02-27T14:31:00.403Z,DOWNTREND,NONE,45.0,BOTH,SHORT,1.00,1.00,48.83,30.69,42.98,0.8323,0.2530,0.4675,-1.0478,FLAT,1,0,0,BULLISH_DIV,28
2026-02-27T14:34:58.425Z,DOWNTREND,NONE,45.0,BOTH,SHORT,1.00,1.00,48.83,30.69,42.98,0.8323,0.2529,0.4741,-0.9746,FLAT,1,0,0,BULLISH_DIV,28
2026-02-27T14:38:00.324Z,DOWNTREND,NONE,37.5,BOTH,SHORT,1.00,1.00,51.75,30.69,49.72,0.7691,0.2603,0.5926,-1.0373,FLAT,2,0,0,BULLISH_DIV,28
2026-02-27T14:41:58.812Z,DOWNTREND,NONE,49.5,BOTH,SHORT,1.00,1.00,53.72,30.69,48.63,0.7583,0.2703,0.0297,-1.1049,FALLING,3,0,20,NONE,0
2026-02-27T14:44:59.168Z,DOWNTREND,NONE,49.5,BOTH,SHORT,1.00,1.00,53.72,30.69,48.63,0.7583,0.2707,-0.2614,-1.3516,FALLING,3,0,20,NONE,0
2026-02-27T14:48:58.812Z,DOWNTREND,NONE,57.0,BOTH,SHORT,1.00,1.00,41.11,30.69,50.20,0.8095,0.2997,-0.2524,-1.2343,FALLING,0,1,20,NONE,0
2026-02-27T14:52:58.717Z,DOWNTREND,NONE,64.5,SHORT_ONLY,SHORT,1.20,1.00,40.82,30.69,47.45,0.8579,0.3123,-0.7239,-1.2617,FALLING,0,2,20,NONE,0
2026-02-27T14:56:58.702Z,DOWNTREND,NONE,72.0,SHORT_ONLY,SHORT,1.20,1.00,40.32,30.69,37.68,0.9075,0.3093,-0.4353,-1.1174,FLAT,0,3,0,NONE,0
2026-02-27T15:00:00.386Z,DOWNTREND,NONE,79.5,SHORT_ONLY,SHORT,1.20,1.00,40.32,30.69,37.68,0.9075,0.3093,-0.5781,-1.2226,FLAT,0,3,0,NONE,0
2026-02-27T15:03:58.532Z,DOWNTREND,NONE,90.0,SHORT_ONLY,SHORT,1.20,1.00,41.39,30.69,32.41,0.9392,0.2991,-0.3690,-1.1090,FLAT,1,0,0,NONE,0
2026-02-27T15:06:59.032Z,DOWNTREND,NONE,60.0,SHORT_ONLY,SHORT,1.20,1.00,45.15,28.82,28.31,0.9441,0.3139,-0.2672,-0.9752,FLAT,2,0,0,NONE,0
2026-02-27T15:10:58.775Z,DOWNTREND,NONE,60.0,SHORT_ONLY,SHORT,1.20,1.00,49.98,28.82,34.76,0.9416,0.3182,-0.1604,-0.9217,FLAT,3,0,0,NONE,0
2026-02-27T15:14:00.276Z,DOWNTREND,NONE,70.5,SHORT_ONLY,SHORT,1.20,1.00,49.98,28.82,34.76,0.9416,0.3187,-0.4360,-0.9990,FLAT,3,0,0,NONE,0
2026-02-27T15:17:58.544Z,DOWNTREND,NONE,55.5,BOTH,SHORT,1.00,1.00,47.93,28.82,40.54,0.9150,0.3220,-0.1813,-0.7872,FLAT,0,1,0,NONE,0
2026-02-27T15:20:58.791Z,DOWNTREND,NONE,49.5,BOTH,SHORT,1.00,1.00,48.78,28.82,37.74,0.8251,0.3338,-0.0238,-0.6105,FLAT,1,0,0,NONE,0
2026-02-27T15:23:58.835Z,DOWNTREND,NONE,49.5,BOTH,SHORT,1.00,1.00,48.78,28.82,37.74,0.8251,0.3336,0.0656,-0.5894,FLAT,1,0,0,NONE,0
2026-02-27T15:27:00.149Z,DOWNTREND,NONE,57.0,BOTH,SHORT,1.00,1.00,50.89,28.82,39.73,0.8211,0.3318,0.0826,-0.8040,RISING,2,0,0,NONE,0
2026-02-27T15:30:59.701Z,DOWNTREND,NONE,34.5,BOTH,SHORT,1.00,1.00,51.78,28.82,42.41,0.8181,0.3192,-0.0653,-0.5761,RISING,3,0,0,NONE,0
2026-02-27T15:34:58.883Z,DOWNTREND,NONE,45.0,BOTH,SHORT,1.00,1.00,51.78,28.82,42.41,0.8181,0.3198,-0.3728,-0.4690,RISING,3,0,0,NONE,0
2026-02-27T15:37:59.420Z,DOWNTREND,NONE,64.5,SHORT_ONLY,SHORT,1.20,1.00,46.16,28.82,42.53,0.8047,0.3190,-0.5376,-0.3643,RISING,0,1,0,NONE,0
2026-02-27T15:41:58.757Z,TRANSITION,NONE,27.0,BOTH,NEUTRAL,0.70,1.00,46.23,28.82,43.07,0.7679,0.3182,0.2338,-0.0268,FLAT,1,0,0,NONE,0
2026-02-27T15:45:59.742Z,TRANSITION,NONE,24.0,BOTH,NEUTRAL,0.70,1.00,50.39,28.82,39.60,0.7486,0.3109,0.6442,0.1384,FLAT,2,0,0,NONE,0
2026-02-27T15:49:00.540Z,DOWNTREND,NONE,31.5,BOTH,SHORT,1.00,1.00,50.39,28.82,39.60,0.7486,0.3111,0.3289,-0.0009,FLAT,2,0,0,NONE,0
2026-02-27T15:52:01.654Z,DOWNTREND,NONE,37.5,BOTH,SHORT,1.00,1.00,52.08,28.82,45.78,0.7316,0.3041,0.5753,0.1421,FLAT,3,0,0,NONE,0
2026-02-27T15:56:00.991Z,DOWNTREND,NONE,37.5,BOTH,SHORT,1.00,1.00,55.33,28.82,54.71,0.6570,0.3032,0.3816,0.2103,FLAT,4,0,0,NONE,0
2026-02-27T15:59:01.491Z,DOWNTREND,NONE,37.5,BOTH,SHORT,1.00,1.00,55.33,28.82,54.71,0.6570,0.3033,0.3380,-0.0322,FLAT,4,0,0,NONE,0
2026-02-27T16:03:01.455Z,DOWNTREND,NONE,40.5,BOTH,SHORT,1.00,1.00,51.24,28.82,64.67,0.6504,0.2915,0.2197,-0.0348,FALLING,0,1,20,NONE,0
2026-02-27T16:07:00.451Z,DOWNTREND,NONE,36.0,BOTH,SHORT,1.00,1.00,48.71,30.61,69.02,0.6484,0.2813,-0.3364,-0.4639,FALLING,0,2,20,NONE,0
2026-02-27T16:10:01.575Z,DOWNTREND,NONE,36.0,BOTH,SHORT,1.00,1.00,48.71,30.61,69.02,0.6484,0.2812,-0.3085,-0.1836,FALLING,0,2,20,NONE,0
2026-02-27T16:14:01.681Z,DOWNTREND,NONE,57.0,BOTH,SHORT,1.00,1.00,42.33,30.61,54.15,0.6609,0.2922,-0.1890,-0.1327,FALLING,0,3,20,NONE,0
2026-02-27T16:18:00.571Z,DOWNTREND,NONE,34.5,BOTH,SHORT,1.00,1.00,41.87,30.61,43.54,0.6420,0.2837,0.1135,0.1128,FALLING,0,4,20,NONE,0
2026-02-27T16:21:01.045Z,DOWNTREND,NONE,67.5,SHORT_ONLY,SHORT,1.20,1.00,43.55,30.61,42.39,0.5673,0.2815,-0.1131,-0.2687,FLAT,1,0,0,NONE,0
2026-02-27T16:24:01.710Z,DOWNTREND,NONE,45.0,BOTH,SHORT,1.00,1.00,43.55,30.61,42.39,0.5673,0.2813,-0.1895,0.0149,FLAT,1,0,0,NONE,0
2026-02-27T16:28:00.488Z,DOWNTREND,NONE,37.5,BOTH,SHORT,1.00,1.00,50.10,30.61,41.38,0.5457,0.2823,-0.1953,0.0617,FLAT,2,0,0,NONE,0
2026-02-27T16:31:01.379Z,DOWNTREND,NONE,37.5,BOTH,SHORT,1.00,1.00,47.65,30.61,50.05,0.5131,0.2700,-0.0215,-0.0252,FLAT,0,1,0,NONE,0
2026-02-27T16:35:00.375Z,DOWNTREND,NONE,37.5,BOTH,SHORT,1.00,1.00,47.65,30.61,50.05,0.5131,0.2699,0.1178,0.0669,FLAT,0,1,0,NONE,0
2026-02-27T16:38:01.239Z,DOWNTREND,NONE,49.5,BOTH,SHORT,1.00,1.00,50.05,30.61,47.93,0.4645,0.2608,-0.1856,-0.0523,FLAT,1,0,0,NONE,0
2026-02-27T16:41:01.952Z,DOWNTREND,NONE,75.0,SHORT_ONLY,SHORT,1.20,1.00,43.85,30.61,44.24,0.4463,0.2596,-0.2232,-0.0986,FLAT,0,1,0,NONE,0
2026-02-27T16:45:00.622Z,DOWNTREND,NONE,82.5,SHORT_ONLY,SHORT,1.20,1.00,43.85,30.61,44.24,0.4463,0.2601,-0.6257,-0.0348,FLAT,0,1,0,NONE,0
2026-02-27T16:49:00.574Z,DOWNTREND,NONE,93.0,SHORT_ONLY,SHORT,1.20,1.00,36.53,30.61,43.42,0.5902,0.2662,-0.8703,-0.3482,FLAT,0,2,0,NONE,0
2026-02-27T16:53:00.281Z,DOWNTREND,NONE,100.0,SHORT_ONLY,SHORT,1.20,1.00,29.63,30.61,36.80,0.9055,0.2836,-0.9272,-0.4397,RISING,0,3,0,NONE,0
2026-02-27T16:56:00.445Z,DOWNTREND,BREAKOUT,100.0,SHORT_ONLY,SHORT,1.20,1.00,34.86,30.61,32.13,1.0473,0.2797,-0.8060,-0.3622,RISING,1,0,0,NONE,0
2026-02-27T16:59:00.522Z,DOWNTREND,BREAKOUT,100.0,SHORT_ONLY,SHORT,1.20,2.00,34.86,30.61,32.13,1.0473,0.2801,-0.9364,-0.6797,RISING,1,0,0,NONE,0
2026-02-27T17:03:02.110Z,DOWNTREND,BREAKOUT,97.5,SHORT_ONLY,SHORT,1.20,1.00,32.13,30.61,25.71,1.2176,0.2801,-0.8072,-0.7818,FLAT,0,1,0,NONE,0
2026-02-27T17:07:00.972Z,DOWNTREND,BREAKOUT,97.5,SHORT_ONLY,SHORT,1.20,1.00,39.67,27.12,24.83,1.2605,0.2779,-0.5289,-0.6978,FLAT,1,0,0,NONE,0
2026-02-27T17:10:01.477Z,DOWNTREND,BREAKOUT,90.0,SHORT_ONLY,SHORT,1.20,1.00,39.67,27.12,24.83,1.2605,0.2776,-0.4175,-0.5386,FLAT,1,0,0,NONE,0
2026-02-27T17:14:01.009Z,DOWNTREND,BREAKOUT,97.5,SHORT_ONLY,SHORT,1.20,1.00,40.67,27.12,30.76,1.2735,0.2701,-0.6346,-0.8258,FLAT,2,0,0,NONE,0
2026-02-27T17:17:01.159Z,DOWNTREND,BREAKOUT,97.5,SHORT_ONLY,SHORT,1.20,1.00,34.71,27.12,30.54,1.3908,0.2778,-0.8773,-1.0594,FLAT,0,1,0,NONE,0
2026-02-27T17:21:00.167Z,DOWNTREND,BREAKOUT,97.5,SHORT_ONLY,SHORT,1.20,1.00,32.74,27.12,33.13,1.5212,0.2817,-0.7728,-1.1015,FLAT,0,2,0,NONE,0
2026-02-27T17:24:01.618Z,DOWNTREND,BREAKOUT,97.5,SHORT_ONLY,SHORT,1.20,1.00,32.74,27.12,33.13,1.5212,0.2817,-1.0678,-0.9872,FLAT,0,2,0,NONE,0
2026-02-27T17:28:00.378Z,DOWNTREND,BREAKOUT,97.5,SHORT_ONLY,SHORT,1.20,1.00,31.53,27.12,32.57,1.6235,0.2824,-1.1772,-1.1315,FLAT,0,3,0,NONE,0
2026-02-27T17:31:01.220Z,DOWNTREND,BREAKOUT,100.0,SHORT_ONLY,SHORT,1.20,2.00,28.91,27.12,27.26,1.7353,0.2789,-1.1812,-0.9721,RISING,0,4,0,NONE,0
2026-02-27T17:35:00.803Z,DOWNTREND,BREAKOUT,100.0,SHORT_ONLY,SHORT,1.20,1.00,28.91,27.12,27.26,1.7353,0.2787,-1.0099,-0.9129,RISING,0,4,0,NONE,0
2026-02-27T17:39:00.224Z,DOWNTREND,BREAKOUT,100.0,SHORT_ONLY,SHORT,1.20,1.00,32.55,27.12,32.60,1.7367,0.2837,-0.7202,-0.5233,RISING,1,0,0,NONE,0
2026-02-27T17:42:00.457Z,DOWNTREND,BREAKOUT,97.5,SHORT_ONLY,SHORT,1.20,1.00,38.85,27.12,34.59,1.6891,0.2904,-0.5528,-0.8360,FLAT,2,0,0,NONE,0
2026-02-27T17:45:02.041Z,DOWNTREND,BREAKOUT,97.5,SHORT_ONLY,SHORT,1.20,1.00,38.85,27.12,34.59,1.6891,0.2904,-0.5620,-0.9817,FLAT,2,0,0,NONE,0
2026-02-27T17:49:01.159Z,DOWNTREND,BREAKOUT,90.0,SHORT_ONLY,SHORT,1.20,1.00,39.05,27.12,36.23,1.6358,0.2880,-0.1376,-1.1292,FLAT,0,1,0,NONE,0
2026-02-27T17:53:01.927Z,DOWNTREND,NONE,78.0,SHORT_ONLY,SHORT,1.20,1.00,39.49,27.12,38.99,1.6143,0.2819,-0.0511,-1.0621,FLAT,1,0,0,BULLISH_DIV,6
2026-02-27T17:57:00.702Z,DOWNTREND,NONE,73.5,SHORT_ONLY,SHORT,1.20,1.00,44.09,27.12,43.15,1.5684,0.2840,0.0498,-0.9523,FLAT,2,0,0,BULLISH_DIV,6
2026-02-27T18:01:00.991Z,DOWNTREND,RETEST,43.5,BOTH,SHORT,1.00,1.00,52.71,27.12,54.72,1.5066,0.2907,0.2873,-0.8234,FLAT,3,0,0,BULLISH_DIV,6
2026-02-27T18:05:00.750Z,DOWNTREND,RETEST,43.5,BOTH,SHORT,1.00,1.00,52.71,27.12,54.72,1.5066,0.2907,0.1394,-0.7863,FLAT,3,0,0,BULLISH_DIV,6
2026-02-27T18:09:01.797Z,DOWNTREND,RETEST,40.5,BOTH,SHORT,1.00,1.00,52.59,28.58,61.23,1.3745,0.2846,-0.0151,-0.8143,FLAT,0,1,0,BULLISH_DIV,6
2026-02-27T18:13:01.244Z,DOWNTREND,RETEST,51.0,BOTH,SHORT,1.00,1.00,46.00,28.58,62.02,1.2350,0.2870,0.0712,-1.0995,FLAT,0,2,0,BULLISH_DIV,6
2026-02-27T18:17:01.024Z,DOWNTREND,RETEST,37.5,BOTH,SHORT,1.00,1.00,45.92,28.58,57.00,1.0205,0.2761,0.2320,-0.8892,FALLING,0,3,20,BULLISH_DIV,6
2026-02-27T18:20:01.053Z,DOWNTREND,RETEST,37.5,BOTH,SHORT,1.00,1.00,45.92,28.58,57.00,1.0205,0.2763,0.2631,-0.8863,FALLING,0,3,20,BULLISH_DIV,6
2026-02-27T18:24:00.516Z,DOWNTREND,NONE,49.5,BOTH,SHORT,1.00,1.00,45.44,28.58,52.18,0.8556,0.2697,0.1513,-0.9969,FALLING,0,4,20,BULLISH_DIV,6
2026-02-27T18:27:01.564Z,DOWNTREND,NONE,57.0,BOTH,SHORT,1.00,1.00,41.62,28.58,53.78,0.7949,0.2665,0.2731,-0.9235,FALLING,0,5,35,BULLISH_DIV,6
2026-02-27T18:31:02.052Z,TRANSITION,RETEST,15.0,BOTH,NEUTRAL,0.70,1.00,48.64,28.58,65.03,0.8046,0.2707,0.6960,-0.7777,FALLING,1,0,0,BULLISH_DIV,6
2026-02-27T18:35:01.650Z,TRANSITION,RETEST,15.0,BOTH,NEUTRAL,0.70,1.00,48.64,28.58,65.03,0.8046,0.2710,0.5009,-0.9843,FALLING,1,0,0,BULLISH_DIV,6
2026-02-27T18:39:00.649Z,TRANSITION,RETEST,22.5,BOTH,NEUTRAL,0.70,1.00,48.94,28.58,75.29,0.8046,0.2678,0.2212,-1.0506,FALLING,2,0,0,BULLISH_DIV,6
2026-02-27T18:42:01.489Z,CHOP,NONE,4.5,NONE,NEUTRAL,0.50,1.00,46.49,28.58,81.72,0.8064,0.2633,0.2904,-0.4149,FALLING,0,1,0,BULLISH_DIV,6
2026-02-27T18:46:00.277Z,TRANSITION,RETEST,22.5,BOTH,NEUTRAL,0.70,1.00,48.71,28.58,77.52,0.7907,0.2560,0.1077,-0.2315,FALLING,1,0,0,NONE,0
2026-02-27T18:49:00.680Z,DOWNTREND,RETEST,33.0,BOTH,SHORT,1.00,1.00,48.71,28.58,77.52,0.7907,0.2563,0.1124,-0.5824,FALLING,1,0,20,NONE,0
2026-02-27T18:52:00.731Z,DOWNTREND,NONE,52.5,BOTH,SHORT,1.00,1.00,43.75,28.58,69.84,0.7561,0.2509,-0.2455,-0.5854,FALLING,0,1,20,NONE,0
2026-02-27T18:55:00.913Z,DOWNTREND,NONE,52.5,BOTH,SHORT,1.00,1.00,43.75,28.58,69.84,0.7561,0.2514,-0.4970,-0.9574,FALLING,0,1,20,NONE,0
2026-02-27T18:59:00.509Z,DOWNTREND,NONE,75.0,SHORT_ONLY,SHORT,1.20,1.00,35.62,28.58,57.16,0.8236,0.2583,-0.6033,-0.8692,FALLING,0,2,20,NONE,0
2026-02-27T19:02:01.172Z,DOWNTREND,NONE,75.0,SHORT_ONLY,SHORT,1.20,1.00,40.07,28.58,48.22,0.8385,0.2507,-0.6170,-1.0966,FALLING,1,0,20,NONE,0
2026-02-27T19:06:00.875Z,DOWNTREND,NONE,85.5,SHORT_ONLY,SHORT,1.20,1.00,42.41,25.87,45.82,0.8274,0.2430,-0.4276,-1.0163,FALLING,2,0,20,NONE,0
2026-02-27T19:10:00.104Z,DOWNTREND,NONE,93.0,SHORT_ONLY,SHORT,1.20,1.00,42.41,25.87,45.82,0.8274,0.2436,-0.5190,-1.3372,FALLING,2,0,20,NONE,0
2026-02-27T19:13:01.496Z,DOWNTREND,NONE,90.0,SHORT_ONLY,SHORT,1.20,1.00,37.89,25.87,33.88,0.8169,0.2555,-0.4026,-1.1206,FALLING,0,1,20,NONE,0
2026-02-27T19:17:02.024Z,DOWNTREND,NONE,90.0,SHORT_ONLY,SHORT,1.20,1.00,40.75,25.87,26.96,0.8136,0.2500,-0.3472,-1.1255,FALLING,1,0,20,NONE,0
2026-02-27T19:21:01.771Z,DOWNTREND,NONE,90.0,SHORT_ONLY,SHORT,1.20,1.00,38.21,25.87,27.61,0.8787,0.2473,-0.3099,-1.1335,FLAT,0,1,0,NONE,0
2026-02-27T19:25:01.933Z,DOWNTREND,NONE,90.0,SHORT_ONLY,SHORT,1.20,1.00,38.21,25.87,27.61,0.8787,0.2470,-0.1222,-1.1238,FLAT,0,1,0,NONE,0
2026-02-27T19:29:02.018Z,DOWNTREND,NONE,78.0,SHORT_ONLY,SHORT,1.20,1.00,44.02,25.87,34.18,0.8936,0.2447,-0.3044,-1.1086,FLAT,1,0,0,BULLISH_DIV,8
2026-02-27T19:33:00.573Z,DOWNTREND,NONE,73.5,SHORT_ONLY,SHORT,1.20,1.00,44.27,25.87,42.08,0.9069,0.2443,-0.3125,-0.9665,FLAT,2,0,0,BULLISH_DIV,8
2026-02-27T19:36:00.574Z,DOWNTREND,NONE,55.5,BOTH,SHORT,1.00,1.00,45.31,25.87,46.87,0.9120,0.2337,-0.3620,-0.7486,FLAT,3,0,0,BULLISH_DIV,8
2026-02-27T19:40:00.396Z,DOWNTREND,NONE,66.0,SHORT_ONLY,SHORT,1.20,1.00,45.31,25.87,46.87,0.9120,0.2339,-0.3418,-0.9733,FLAT,3,0,0,BULLISH_DIV,8
2026-02-27T19:43:00.934Z,DOWNTREND,NONE,66.0,SHORT_ONLY,SHORT,1.20,1.00,45.11,25.87,44.44,0.8412,0.2247,-0.3329,-0.9944,FLAT,0,1,0,BULLISH_DIV,8
2026-02-27T19:46:01.573Z,DOWNTREND,NONE,78.0,SHORT_ONLY,SHORT,1.20,1.00,42.60,25.87,37.70,0.7619,0.2279,-0.3101,-1.3059,FLAT,0,2,0,BULLISH_DIV,8
2026-02-27T19:50:00.160Z,DOWNTREND,NONE,90.0,SHORT_ONLY,SHORT,1.20,1.00,42.60,25.87,37.70,0.7619,0.2281,-0.1330,-1.3360,FLAT,0,2,0,BULLISH_DIV,8
2026-02-27T19:53:01.769Z,DOWNTREND,NONE,67.5,SHORT_ONLY,SHORT,1.20,1.00,41.42,25.87,37.08,0.7565,0.2216,0.0701,-1.1477,FLAT,0,3,0,BULLISH_DIV,8
2026-02-27T19:57:00.219Z,DOWNTREND,NONE,31.5,BOTH,SHORT,1.00,1.00,51.16,25.87,38.47,0.7311,0.2267,0.1765,-1.0949,FLAT,1,0,0,BULLISH_DIV,8
2026-02-27T20:01:00.473Z,TRANSITION,NONE,27.0,BOTH,NEUTRAL,0.70,1.00,48.55,25.87,43.21,0.7030,0.2183,0.1538,-0.9724,FLAT,0,1,0,NONE,0
2026-02-27T20:04:01.007Z,TRANSITION,NONE,15.0,BOTH,NEUTRAL,0.70,1.00,48.55,25.87,43.21,0.7030,0.2180,0.2284,-0.8131,FLAT,0,1,0,NONE,0
2026-02-27T20:08:00.434Z,CHOP,NONE,7.5,NONE,NEUTRAL,0.50,1.00,53.24,28.52,56.46,0.7142,0.2206,0.5709,-0.4912,FLAT,1,0,0,NONE,0
2026-02-27T20:12:00.456Z,CHOP,NONE,10.5,NONE,NEUTRAL,0.50,1.00,53.78,28.52,67.57,0.6806,0.2218,0.3802,-0.4433,FLAT,2,0,0,NONE,0
2026-02-27T20:16:01.280Z,TRANSITION,NONE,16.5,BOTH,NEUTRAL,0.70,1.00,57.21,28.52,67.89,0.6742,0.2187,0.3997,-0.5383,FLAT,3,0,0,NONE,0
2026-02-27T20:20:00.350Z,TRANSITION,NONE,24.0,BOTH,NEUTRAL,0.70,1.00,57.21,28.52,67.89,0.6742,0.2186,0.5378,-0.4893,FLAT,3,0,0,NONE,0
2026-02-27T20:23:00.380Z,TRANSITION,NONE,24.0,BOTH,NEUTRAL,0.70,1.00,58.19,28.52,74.21,0.7061,0.2089,0.5352,-0.5392,FLAT,4,0,0,NONE,0
2026-02-27T20:27:01.642Z,TRANSITION,NONE,16.5,BOTH,NEUTRAL,0.70,1.00,59.51,28.52,80.23,0.7337,0.2040,0.3253,-0.5799,FLAT,5,0,0,NONE,0
2026-02-27T20:31:00.674Z,TRANSITION,NONE,16.5,BOTH,NEUTRAL,0.70,1.00,57.04,28.52,87.14,0.7761,0.1968,0.2864,-0.6509,FLAT,0,1,0,NONE,0
2026-02-27T20:34:01.593Z,TRANSITION,NONE,16.5,BOTH,NEUTRAL,0.70,1.00,57.04,28.52,87.14,0.7761,0.1968,0.3279,-0.7152,FLAT,0,1,0,NONE,0
2026-02-27T20:38:00.738Z,UPTREND,NONE,34.5,BOTH,LONG,1.00,1.00,56.77,28.52,80.51,0.7843,0.1959,0.3680,-0.5452,FLAT,1,0,0,NONE,0
2026-02-27T20:42:00.238Z,UPTREND,NONE,34.5,BOTH,LONG,1.00,1.00,57.22,28.52,78.73,0.8105,0.1862,0.4020,-0.2194,FLAT,2,0,0,NONE,0
2026-02-27T20:46:00.657Z,UPTREND,NONE,34.5,BOTH,LONG,1.00,1.00,59.76,28.52,78.31,0.8549,0.1829,0.4817,-0.1102,FLAT,3,0,0,NONE,0
2026-02-27T20:49:01.967Z,UPTREND,NONE,42.0,BOTH,LONG,1.00,1.00,59.76,28.52,78.31,0.8549,0.1829,0.5661,0.2281,FLAT,3,0,0,NONE,0
2026-02-27T20:53:01.052Z,UPTREND,NONE,34.5,BOTH,LONG,1.00,1.00,59.96,28.52,78.09,0.8477,0.1760,0.3177,0.1177,FLAT,4,0,0,NONE,0
2026-02-27T20:57:00.039Z,TRANSITION,NONE,22.5,BOTH,NEUTRAL,0.70,1.00,59.20,28.52,78.55,0.8452,0.1737,0.2329,0.1567,FALLING,0,1,0,NONE,0
2026-02-27T21:00:01.105Z,TRANSITION,NONE,22.5,BOTH,NEUTRAL,0.70,1.00,59.20,28.52,78.55,0.8452,0.1738,0.2644,0.0875,FALLING,0,1,0,NONE,0
2026-02-27T21:04:00.449Z,TRANSITION,NONE,22.5,BOTH,NEUTRAL,0.70,1.00,56.62,28.52,78.90,0.7802,0.1718,0.1331,-0.0889,FALLING,0,2,0,NONE,0
2026-02-27T21:08:01.963Z,TRANSITION,NONE,22.5,BOTH,NEUTRAL,0.70,1.00,61.18,32.45,79.40,0.7816,0.1778,0.1114,-0.0390,FALLING,1,0,0,NONE,0
2026-02-27T21:12:01.454Z,TRANSITION,NONE,22.5,BOTH,NEUTRAL,0.70,1.00,59.36,32.45,79.20,0.7648,0.1738,0.0894,0.2296,FLAT,0,1,0,NONE,0
2026-02-27T21:16:01.952Z,TRANSITION,NONE,15.0,BOTH,NEUTRAL,0.70,1.00,53.66,32.45,73.81,0.7311,0.1699,0.0554,0.2688,FALLING,0,2,0,NONE,0
2026-02-27T21:21:00.783Z,UPTREND,NONE,70.5,LONG_ONLY,LONG,1.20,1.00,61.35,26.50,66.92,0.6397,0.1587,0.1520,0.0000,FALLING,2,0,20,NONE,0
2026-02-27T21:25:00.225Z,UPTREND,NONE,79.5,LONG_ONLY,LONG,1.20,1.00,63.12,26.50,69.46,0.6540,0.1630,0.1782,0.0000,FALLING,2,0,20,NONE,0
2026-02-27T21:28:00.508Z,UPTREND,NONE,79.5,LONG_ONLY,LONG,1.20,1.00,63.08,26.50,61.14,0.5337,0.1585,0.2071,0.0000,FALLING,3,0,20,NONE,0
2026-02-27T21:31:01.212Z,UPTREND,NONE,63.0,LONG_ONLY,LONG,1.20,1.00,59.70,26.50,53.24,0.5062,0.1519,0.3042,0.0000,FLAT,0,1,0,NONE,0
2026-02-27T21:35:01.798Z,UPTREND,NONE,63.0,LONG_ONLY,LONG,1.20,1.00,59.70,26.50,53.24,0.5062,0.1520,0.0860,0.0000,FLAT,0,1,0,NONE,0
2026-02-27T21:39:00.054Z,UPTREND,NONE,55.5,BOTH,LONG,1.00,1.00,52.96,26.50,50.54,0.4014,0.1542,-0.0344,0.0000,FLAT,0,2,0,NONE,0
2026-02-27T21:43:00.303Z,UPTREND,BREAKOUT,55.5,BOTH,LONG,1.00,1.00,52.12,26.41,53.13,0.3536,0.1496,-0.0473,0.0000,FLAT,0,3,0,NONE,0
2026-02-27T21:46:01.011Z,UPTREND,BREAKOUT,36.0,BOTH,LONG,1.00,1.00,53.19,26.41,48.33,0.3021,0.1453,0.0090,0.0000,FLAT,1,0,0,NONE,0
2026-02-27T21:50:01.439Z,UPTREND,BREAKOUT,36.0,BOTH,LONG,1.00,1.00,53.19,26.41,48.33,0.3021,0.1455,-0.0910,0.0000,FLAT,1,0,0,NONE,0
2026-02-27T21:54:00.997Z,UPTREND,BREAKOUT,36.0,BOTH,LONG,1.00,1.00,48.14,26.41,42.82,0.3012,0.1444,-0.1227,0.0000,FLAT,0,1,0,NONE,0
2026-02-27T21:57:01.408Z,CHOP,BREAKOUT,12.0,NONE,NEUTRAL,0.50,1.00,39.68,26.41,37.33,0.3871,0.1500,-0.1851,0.0000,FLAT,0,2,0,NONE,0
2026-02-27T22:00:01.929Z,TRANSITION,BREAKOUT,24.0,BOTH,NEUTRAL,0.70,1.00,39.68,26.41,37.33,0.3871,0.1499,0.0067,-0.1964,FLAT,0,2,0,NONE,0
2026-02-27T22:04:01.413Z,UPTREND,BREAKOUT,31.5,BOTH,LONG,1.00,1.00,46.57,26.41,37.88,0.4071,0.1536,-0.1994,-0.1228,FLAT,1,0,0,NONE,0
2026-02-27T22:08:00.852Z,CHOP,BREAKOUT,12.0,NONE,NEUTRAL,0.50,1.00,46.02,26.41,42.76,0.4249,0.1500,-0.2818,-0.1136,FLAT,0,1,0,NONE,0
2026-02-27T22:11:01.524Z,DOWNTREND,BREAKOUT,40.5,BOTH,SHORT,1.00,1.00,43.59,26.41,27.56,0.4571,0.1479,-0.1483,-0.0742,FLAT,0,2,0,NONE,0
2026-02-27T22:14:01.919Z,DOWNTREND,BREAKOUT,40.5,BOTH,SHORT,1.00,1.00,43.59,26.41,27.56,0.4571,0.1479,-0.1269,-0.0755,FLAT,0,2,0,NONE,0
2026-02-27T22:18:01.419Z,DOWNTREND,BREAKOUT,33.0,BOTH,SHORT,1.00,1.00,47.94,26.41,23.69,0.4664,0.1453,-0.1349,0.1049,FALLING,1,0,20,NONE,0
2026-02-27T22:22:00.814Z,TRANSITION,BREAKOUT,22.5,BOTH,NEUTRAL,0.70,1.00,51.48,26.41,30.89,0.4667,0.1436,-0.2938,0.1447,FALLING,2,0,0,NONE,0
2026-02-27T22:26:01.126Z,DOWNTREND,BREAKOUT,30.0,BOTH,SHORT,1.00,1.00,44.11,26.41,26.54,0.4953,0.1496,-0.3147,0.1148,FALLING,0,1,20,NONE,0
2026-02-27T22:30:00.126Z,DOWNTREND,BREAKOUT,30.0,BOTH,SHORT,1.00,1.00,44.11,26.41,26.54,0.4953,0.1497,-0.3252,-0.2580,FALLING,0,1,20,NONE,0
2026-02-27T22:33:01.448Z,DOWNTREND,NONE,60.0,SHORT_ONLY,SHORT,1.20,1.00,43.43,26.41,16.48,0.5239,0.1466,-0.3190,-0.2247,FALLING,0,2,20,NONE,0
2026-02-27T22:37:01.350Z,DOWNTREND,NONE,100.0,SHORT_ONLY,SHORT,1.20,1.00,24.97,26.41,11.66,0.9587,0.1961,-0.5230,-0.4309,FLAT,0,3,25,NONE,0
2026-02-27T22:41:01.602Z,DOWNTREND,NONE,93.0,SHORT_ONLY,SHORT,1.20,1.00,41.18,24.20,46.08,1.0177,0.2191,-0.4360,-0.4284,RISING,1,0,0,NONE,0
2026-02-27T22:45:01.074Z,DOWNTREND,NONE,58.5,BOTH,SHORT,1.00,1.00,41.18,24.20,46.08,1.0177,0.2182,-0.0345,0.1093,RISING,1,0,0,NONE,0
2026-02-27T22:49:00.535Z,DOWNTREND,RETEST,51.0,BOTH,SHORT,1.00,1.00,53.22,24.20,57.28,1.0101,0.2391,0.0955,0.4315,RISING,2,0,0,NONE,0
2026-02-27T22:53:00.968Z,DOWNTREND,RETEST,58.5,BOTH,SHORT,1.00,1.00,51.27,24.20,62.56,1.0081,0.2370,0.0414,0.5113,RISING,0,1,0,NONE,0
2026-02-27T22:57:01.819Z,DOWNTREND,RETEST,58.5,BOTH,SHORT,1.00,1.00,53.87,24.20,65.67,0.9951,0.2294,0.0820,0.3615,RISING,1,0,0,NONE,0
2026-02-27T23:01:00.431Z,TRANSITION,RETEST,21.0,BOTH,NEUTRAL,0.70,1.00,54.57,24.20,68.34,0.9665,0.2278,0.0217,0.2885,RISING,2,0,0,NONE,0
2026-02-27T23:05:00.750Z,CHOP,RETEST,9.0,NONE,NEUTRAL,0.50,1.00,54.57,24.20,68.34,0.9665,0.2273,0.2852,0.4462,RISING,2,0,0,NONE,0
2026-02-27T23:09:00.816Z,UPTREND,RETEST,34.5,BOTH,LONG,1.00,1.00,56.71,24.20,71.81,0.9546,0.2303,0.4341,0.8145,RISING,3,0,0,NONE,0
2026-02-27T23:13:00.323Z,UPTREND,RETEST,87.0,LONG_ONLY,LONG,1.20,1.00,60.58,24.20,76.84,1.0106,0.2338,0.3666,0.7139,RISING,4,0,0,NONE,0
2026-02-27T23:16:01.333Z,UPTREND,RETEST,87.0,LONG_ONLY,LONG,1.20,1.00,56.56,24.20,69.06,1.0399,0.2325,0.2756,0.6770,RISING,0,1,0,NONE,0
2026-02-27T23:20:00.904Z,UPTREND,RETEST,97.5,LONG_ONLY,LONG,1.20,1.00,56.56,24.20,69.06,1.0399,0.2321,0.3936,0.9104,RISING,0,1,0,NONE,0
2026-02-27T23:23:01.881Z,UPTREND,RETEST,100.0,LONG_ONLY,LONG,1.20,2.00,60.15,24.20,72.71,1.1166,0.2311,0.6225,0.8409,RISING,1,0,0,NONE,0
2026-02-27T23:27:00.574Z,UPTREND,RETEST,100.0,LONG_ONLY,LONG,1.20,1.00,61.63,24.20,74.14,1.2070,0.2222,0.5402,0.7148,RISING,2,0,0,NONE,0
2026-02-27T23:31:00.894Z,UPTREND,BREAKOUT,97.5,LONG_ONLY,LONG,1.20,1.00,60.89,24.20,70.23,1.2803,0.2148,0.6535,0.7574,FLAT,0,1,0,NONE,0
2026-02-27T23:34:01.370Z,UPTREND,BREAKOUT,97.5,LONG_ONLY,LONG,1.20,1.00,60.89,24.20,70.23,1.2803,0.2148,1.3740,0.7525,FLAT,0,1,0,NONE,0
2026-02-27T23:38:00.582Z,UPTREND,BREAKOUT,97.5,LONG_ONLY,LONG,1.20,1.00,61.73,24.20,71.83,1.3369,0.2058,0.9335,0.8921,FLAT,1,0,0,NONE,0
2026-02-27T23:41:01.164Z,UPTREND,BREAKOUT,97.5,LONG_ONLY,LONG,1.20,1.00,63.25,35.83,74.03,1.4111,0.1985,0.7235,0.8612,FLAT,2,0,0,NONE,0
2026-02-27T23:44:01.709Z,UPTREND,BREAKOUT,90.0,LONG_ONLY,LONG,1.20,1.00,63.25,35.83,74.03,1.4111,0.1987,0.3655,0.7878,FLAT,2,0,0,NONE,0
2026-02-27T23:48:00.022Z,UPTREND,BREAKOUT,90.0,LONG_ONLY,LONG,1.20,1.00,56.97,35.83,82.45,1.4302,0.1984,0.3751,0.9425,FLAT,0,1,0,NONE,0
2026-02-27T23:51:00.567Z,UPTREND,BREAKOUT,90.0,LONG_ONLY,LONG,1.20,1.00,58.25,35.83,75.11,1.4437,0.1906,0.4410,0.7605,FLAT,1,0,0,NONE,0
2026-02-27T23:54:00.607Z,UPTREND,BREAKOUT,90.0,LONG_ONLY,LONG,1.20,1.00,58.25,35.83,75.11,1.4437,0.1906,0.4066,0.7039,FLAT,1,0,0,NONE,0
2026-02-27T23:57:01.099Z,UPTREND,BREAKOUT,90.0,LONG_ONLY,LONG,1.20,1.00,58.58,35.83,71.68,1.4610,0.1819,0.4809,0.7346,FLAT,2,0,0,NONE,0
